name,email,phone_number,address
Jessica Roberts,gutierrezkaren@example.org,+1-956-433-2776x35656,"69302 Roger Mount
Harrischester, FM 55627"
Blake Ward,scharles@example.com,2766331156,"72883 Clay Roads
North Jeffrey, IN 87882"
Morgan Flores,shelbycarpenter@example.net,520-324-5168x115,"720 Johnson Meadow
West Hunterhaven, KS 93472"
Michelle Valentine,ngilmore@example.org,001-385-431-9066x59961,"USNS Jenkins
FPO AP 90554"
Christian Waller,david44@example.org,586.840.3485x07682,"35102 Micheal Gardens Suite 224
Port Michaelmouth, ID 90462"
Daniel Garcia,mathewnelson@example.net,(213)516-1763x691,"697 Tyler Lake
Lake Shari, WI 05128"
Samantha Nash,jasonandrade@example.net,6518815315,"PSC 7062, Box 9481
APO AA 30551"
Joshua Best,matthewrivera@example.net,978.493.8268x21745,"910 Le Wall Apt. 735
New Veronica, NH 42983"
Dustin Stanley,cooperjonathan@example.com,+1-411-291-0016,"7374 Michael Orchard Suite 120
North Charlene, KS 23538"
Sarah Smith,aaron88@example.net,001-460-882-1857,"72410 Adams Meadows Suite 004
Mckinneyland, KS 48543"
Richard Lewis,hudsonsavannah@example.net,001-941-432-2980,"32324 Roberson Walk Suite 879
Joseton, MD 93987"
Michele Russell,lbeard@example.org,947.643.3970x07444,"9066 Castaneda Stravenue Apt. 648
Port Stevenborough, RI 75246"
Emily Fox,kimjesus@example.org,836-225-2911x3933,"7690 Keller Place Suite 079
East Katherinefurt, IA 80248"
Karen Bennett,dcampos@example.org,+1-976-605-9789,"615 Rebecca Tunnel
Alvarezton, CO 27974"
James Arnold,kelsey71@example.com,9877542481,"00559 Richard Canyon Suite 368
Baileymouth, MI 13678"
Anna Simpson,psandoval@example.net,(803)451-1875,"5804 Ewing Trail Apt. 314
Jeffreyville, MS 80114"
Daniel Jones,logan23@example.net,001-617-952-2243x95579,"049 Hernandez Bridge
East Justin, NJ 44948"
Ann Baker,faith78@example.net,(421)734-7859x510,"232 Dickerson Roads
Lanebury, OK 90483"
Robert Miller,gorr@example.com,+1-374-825-7964x3987,"82659 Cox Spring
East Davidville, AK 25690"
Kevin Vega,michaeldixon@example.com,001-250-503-6089x32477,"9891 Bridget Passage Suite 548
New Jayfort, IA 16425"
Stephen Armstrong,michael85@example.org,(287)652-8618,"98549 Brown Hills Apt. 023
Port Curtisburgh, OK 95533"
Stephanie Macias,carrillolisa@example.com,001-717-277-0195x4595,"067 Nelson Gateway
Christopherberg, MI 40016"
Jeremy Miller,scottbruce@example.org,001-625-490-7837x113,"765 Chelsey Summit Apt. 524
Montgomerychester, MD 15295"
Danny Avery,harrissandy@example.org,(918)906-7787x6051,"791 Robert Alley
Port Natashaburgh, VT 30473"
Laura Foster,jessica13@example.net,676-768-1727x924,"007 Courtney Way
East Joshuahaven, DC 19792"
Yvonne Mayer,gonzalezkathryn@example.com,001-434-847-9355x39939,"5522 Megan Valley Apt. 295
East Jamiefort, NC 19081"
Michael Butler,ebanks@example.org,716.226.5861x93514,"5776 Jennings Curve
Garrettport, ID 15848"
Arthur Owens,hwu@example.net,592.629.8220x1726,"Unit 9132 Box 9372
DPO AA 01183"
Kyle Nixon,alexandertracy@example.org,588-551-9510x3160,"PSC 1456, Box 7011
APO AP 05671"
Cassandra Valenzuela,samuel63@example.com,+1-296-401-1670x6208,"1749 Conner Loop Apt. 920
Lake Rhondastad, LA 81775"
Amanda Melton,weberscott@example.net,(689)649-7042x4830,"893 Maria Avenue Apt. 979
West Bruce, CA 02876"
Pamela Reed,umurphy@example.com,(714)664-1350x4572,"91289 Zachary Lights
Port Seantown, CA 88280"
Kevin Aguirre,calvin15@example.com,(924)491-8650,"3774 Griffin Park Apt. 832
Kristenborough, MT 68841"
Timothy Miller,nathaniel04@example.org,+1-201-897-8404x812,"501 Poole Lake
West Kendraborough, NJ 97834"
Kristina Sullivan,rothtina@example.org,(518)956-3023x655,"9196 Kelly Gateway Apt. 509
Monicaland, AR 99754"
Jacob Martinez,herreramichael@example.com,+1-911-915-2220x94488,"587 Ho Crest
South Eric, NJ 66854"
Peter Erickson,lwaters@example.com,2115371503,"0408 Robertson Inlet Apt. 396
North Robertburgh, TN 05189"
Zachary Garcia,robert74@example.net,300.323.7036,"3427 Beth Crossing
Morganmouth, NC 45284"
David Ewing,yvonnele@example.org,(721)710-7548,"Unit 6200 Box 3558
DPO AA 05709"
Angela Green,andersonallen@example.org,337-648-4615,"62061 Trevor Land
Port Monica, MA 36229"
Alexandra Davis,campbellmichael@example.com,618.456.1022x69227,"6992 Nguyen Trail
Philipfurt, CA 96629"
Steven Young,darryl15@example.org,313-336-0746x973,"65219 Mays Brook
Port Brooke, MP 95941"
Jeffrey Thomas,ahicks@example.com,(549)251-0696x29431,"653 Gilbert Springs
West Brentberg, IA 39767"
Kenneth Lopez,boydjason@example.org,001-795-402-4114x162,"6393 Christina Highway Suite 675
Lake Michaelside, CA 80396"
Michael Johnson,fjones@example.net,827.256.7533x4502,"41679 Diana Rapid Apt. 804
Port Joshua, AL 94354"
Katrina Rice,letheresa@example.org,(337)535-9490x6069,"1748 Robin Forks Apt. 496
Johnsonberg, KY 65351"
Andrew Cole,huangmelissa@example.net,534-525-7313x2537,"23127 Sean Prairie
North Johnside, NM 72749"
James Smith,victoriafranklin@example.org,+1-916-397-2101x2479,"01539 Parker Lane
West Sean, NJ 65143"
Robyn Park,millercharles@example.org,+1-216-767-1439x78764,"USNV Conrad
FPO AA 00714"
Audrey Mccall,teresa69@example.net,687-311-9001x994,"3232 Lisa Shoals
Cannonton, MO 30899"
Todd Ramos,nharmon@example.net,+1-524-349-1651x582,"744 Jennifer Gardens
West Robinport, OK 59184"
Judy Dunn,christophergibson@example.org,(385)353-5479x5839,"16275 Goodman Ridge Suite 479
South Jenniferville, MO 03887"
Michael Simpson,paulagaines@example.org,385.759.8358x94448,"8687 Taylor Fall Apt. 817
Sanderston, CO 87913"
Chelsea Grant,millernicole@example.net,757-827-4919,"276 Conley Loop Apt. 387
Terryborough, FL 72645"
William Mcdonald,sanchezandrew@example.org,+1-908-436-2869x09501,"27862 Thomas Curve Suite 982
Edwardsborough, RI 22403"
Rebecca Weber,castanedacindy@example.org,001-918-491-1343,"705 Jonathan Extension
Lake Markfurt, ID 33988"
Matthew Moreno,parkerrocha@example.com,303-510-9413x955,"8388 Frazier Cove
Port Troyburgh, WY 69882"
David Sullivan,hsmith@example.org,(646)883-8205x5176,"1996 Sharon Fort
Michaelbury, CA 31896"
Robert Wheeler,mrobertson@example.net,613.446.9829x5970,"USNS Sanders
FPO AE 47926"
Michelle Mcclain,carrie48@example.org,638-474-0174,"23044 Orr Trail Suite 901
Lydiaberg, CA 69571"
Teresa Petty,oroberts@example.net,905-760-4390x846,"75769 Lori Hills
Ericksonfort, MN 02628"
Brooke Gomez,timothyhoward@example.net,8185852442,"90319 Harmon Pike Apt. 299
Laurenberg, TN 47718"
Daniel Dean,samuelschmidt@example.com,+1-244-402-8483x9192,"23476 Smith Vista
Robertaport, WA 40674"
Megan Hunt,hwalker@example.net,(315)227-5241x611,"874 Heather Cape
Lake Kevinmouth, OK 31067"
Elizabeth Austin,paulabell@example.org,523-313-2128,"USNS Bradley
FPO AA 44685"
Stephanie Watkins,randycarroll@example.net,7703550689,"374 Maureen Tunnel Apt. 071
West Jamesland, RI 41313"
Brenda West,boyleaudrey@example.net,001-308-507-2280,"PSC 8442, Box 7660
APO AP 01354"
Michael Palmer,anna73@example.com,(733)800-9513,"57833 Matthew Shoal
South Kevin, NY 39066"
Jon Martin,mccarthymatthew@example.org,001-345-858-2716x7087,"63456 Bryan Path
Stacieborough, WY 90933"
Dominic Holt,cynthiabishop@example.net,888.796.5239,"6493 Daniel Wall
Lake Sylvia, TN 64443"
Jamie Smith,watersphillip@example.org,6079653442,"67509 Hardy Trail Suite 839
East Bettymouth, AK 18853"
Melinda Harper,ihall@example.com,(326)302-2053,"91812 Larson Glens
Port David, CT 33601"
Tracy Larson,simmonsfrank@example.com,(573)742-8249x994,"55989 Gregory Lock Suite 083
Josephland, MA 69808"
Samantha French,sarahjones@example.net,001-438-219-9567x3512,"050 Duarte Harbors Apt. 614
Lake Lindastad, OK 86435"
Kim Brown,jerry73@example.net,347.845.7944x182,"198 Young Underpass Suite 992
South Roberta, NY 39180"
Cindy Zimmerman,williammason@example.com,+1-624-292-9295x812,"140 Thompson Heights Apt. 522
Port Theresaland, ME 63586"
Jessica Lozano,smiller@example.com,(996)755-8504x71469,"3521 Stephens Plaza
Davisville, NJ 30288"
Margaret Rodriguez,ahensley@example.org,927.724.0906x293,"547 Fitzgerald Wells
Morganside, TX 05966"
Erika Anderson,xramirez@example.com,899.817.2440x90804,"813 Stephens Key Apt. 423
South Michelleborough, ND 48015"
Jose Simpson,debraschwartz@example.net,001-207-777-1491x52848,"485 Robin Trail Apt. 646
Wisefurt, NC 04663"
Zachary Miller,sullivanshannon@example.com,701.418.8367x20618,"36164 Paul Passage
Parkerstad, NC 41814"
Jennifer Miller,holly03@example.com,(745)964-5068,"18018 Lisa Ramp Suite 087
Carlton, VI 05572"
Donald Moreno,donaldfox@example.org,961-998-6933x17422,"856 Dominic Squares
Lake Matthewstad, NV 46145"
Heather Hill,richard68@example.com,4198204134,"72222 Bell Isle Apt. 547
Williamstown, AK 46166"
Brett Payne,lmann@example.net,333-732-2404,"PSC 2336, Box 5861
APO AA 81036"
Joseph Norris,julie78@example.net,635.200.1502x36593,"750 Sabrina Place
Kaitlynhaven, TN 63902"
Andrew Montes,yvonne44@example.org,274.869.6731,"74628 Romero Drive Apt. 705
New Jennifer, GU 69300"
Cody Sosa,walterswesley@example.com,837.453.5392,"Unit 2509 Box 7360
DPO AP 11770"
Ashley Ramirez,brittanymcknight@example.org,001-375-587-6146x855,"21655 Michele Plaza
East Haley, NV 14890"
Spencer Bean,gallison@example.com,001-681-543-3105x24081,"PSC 1184, Box 4854
APO AA 95076"
Anthony Smith,taylorzhang@example.org,+1-464-232-5156x165,"946 Stacy Road
Wolfeview, OH 84005"
Marco Blair,greenemelissa@example.org,2889653189,"994 Troy Plaza
West Bradleyville, CT 63150"
Jose Palmer,debbiemcdaniel@example.org,(782)810-0950x0838,"253 Adam Knoll
Michaelberg, GA 06990"
Douglas Murphy,autumn15@example.net,+1-500-316-7165x9446,"317 Kevin Ford Suite 151
Williamschester, MS 04526"
Traci Alvarez,janet86@example.org,001-742-221-6876x51809,"219 Clements Fords Apt. 279
South Scott, TN 87742"
Gail Lara,calebgrimes@example.net,834-306-3092,"USS Woodward
FPO AP 70854"
Antonio Berry DDS,millerkristen@example.org,+1-931-366-4544x876,"Unit 9251 Box 7166
DPO AE 57855"
Paul Combs,benjaminkeller@example.org,+1-535-540-7199x369,"1195 Laura Rue Apt. 818
Ashleybury, ND 31940"
Paul Graham,mnash@example.com,500.461.3156,"PSC 0743, Box 8647
APO AA 44912"
Brian Conley,mlloyd@example.net,701-903-1473x23559,"32133 Nicole Skyway
Millershire, PR 66791"
